{
	"login":
	{
		"prop":
		{
			"1":
			{
				"minProb":0,
				"maxProb":0.2
			},
			"2":
			{
				"minProb":0.2,
				"maxProb":0.25
			},
			"3":
			{
				"minProb":0.25,
				"maxProb":0.27857
			},
			"4":
			{
				"minProb":0.27857,
				"maxProb":0.37857
			},
			"5":
			{
				"minProb":0.37857,
				"maxProb":0.40857
			},
			"6":
			{
				"minProb":0.40857,
				"maxProb":0.4085843
			},
			"7":
			{
				"minProb":0.4085843,
				"maxProb":0.4371543
			},
			"8":
			{
				"minProb":0.4371543,
				"maxProb":0.4657243
			},
			"9":
			{
				"minProb":0.4657243,
				"maxProb":0.4957243
			},
			"10":
			{
				"minProb":0.4957243,
				"maxProb":0.5257243
			},
			"11":
			{
				"minProb":0.5257243,
				"maxProb":0.7257243
			},
			"12":
			{
				"minProb":0.7257243,
				"maxProb":0.7542943
			},
			"13":
			{
				"minProb":0.7542943,
				"maxProb":0.8542943
			},
			"14":
			{
				"minProb":0.8542943,
				"maxProb":0.9042943
			},
			"15":
			{
				"minProb":0.9042943,
				"maxProb":0.9542943
			},
			"16":
			{
				"minProb":0.9542943,
				"maxProb":1
			}
		},
		"content":
		{
			"1":
			{
				"zeni":
				{
					"1":1100,
					"2":1260,
					"3":1300,
					"4":1350,
					"5":1410,
					"6":1480,
					"7":1560,
					"8":1650,
					"9":1750,
					"10":1860,
					"11":1980,
					"12":2110,
					"13":2250,
					"14":2400,
					"15":2560,
					"16":2730,
					"17":2910,
					"18":3100,
					"19":3300,
					"20":3510,
					"21":3730,
					"22":3960,
					"23":4200,
					"24":4450,
					"25":4710,
					"26":4980,
					"27":6860,
					"28":7110,
					"29":9810,
					"30":10120,
					"31":12960,
					"32":15840,
					"33":18740,
					"34":21550,
					"35":24170,
					"36":26440,
					"37":27410,
					"38":28290,
					"39":29090,
					"40":29760,
					"41":30320,
					"42":30500,
					"43":33590,
					"44":36960,
					"45":40680,
					"46":44780,
					"47":49260,
					"48":54200,
					"49":59650,
					"50":65650,
					"51":67000,
					"52":68350,
					"53":69740,
					"54":71180,
					"55":72620,
					"56":74090,
					"57":75610,
					"58":77140,
					"59":78700,
					"60":80300,
					"61":81950,
					"62":83600,
					"63":85290,
					"64":87020,
					"65":88790,
					"66":90610,
					"67":92430,
					"68":94280,
					"69":96190,
					"70":98130,
					"71":100110,
					"72":102140,
					"73":104210,
					"74":106320,
					"75":108480,
					"76":110670,
					"77":112910,
					"78":115190,
					"79":117520,
					"80":119880,
					"81":122290,
					"82":124740,
					"83":127270,
					"84":129850,
					"85":132470,
					"86":135130,
					"87":137830,
					"88":140620,
					"89":143450,
					"90":146320,
					"91":149280,
					"92":152280,
					"93":155360,
					"94":158490,
					"95":161700,
					"96":164950,
					"97":168290,
					"98":171670,
					"99":175130,
					"100":178640										
				}
			},
			"2":
			{
				"imegga":
				{
					"1":
					{
						"minProb":0,
						"maxProb":0.27778
					},
					"5":
					{
						"minProb":0.27778,
						"maxProb":0.77778
					},
					"10":
					{
						"minProb":0.77778,
						"maxProb":1
					}
				}
			},
			"3":
			{
				"104002":{"minProb":0,"maxProb":0.090909},
				"104003":{"minProb":0.090909,"maxProb":0.181818},
				"104004":{"minProb":0.181818,"maxProb":0.272727},
				"104005":{"minProb":0.272727,"maxProb":0.363636},
				"104008":{"minProb":0.363636,"maxProb":0.454545},
				"104009":{"minProb":0.454545,"maxProb":0.545454},
				"104010":{"minProb":0.545454,"maxProb":0.636363},
				"104021":{"minProb":0.636363,"maxProb":0.727272},
				"104023":{"minProb":0.727272,"maxProb":0.818181},
				"104025":{"minProb":0.818181,"maxProb":0.90909},
				"104029":{"minProb":0.90909,"maxProb":1}
			},
			"4":
			{
				"150301":{"minProb":0,"maxProb":0.25},
				"150302":{"minProb":0.25,"maxProb":0.5},
				"150303":{"minProb":0.5,"maxProb":0.75},
				"150304":{"minProb":0.75,"maxProb":1}
			},
			"5":
			{
				"150509":{"minProb":0,"maxProb":0.002096436},
				"150508":{"minProb":0.002096436,"maxProb":0.006289308},
				"150507":{"minProb":0.006289308,"maxProb":0.014675052},
				"150506":{"minProb":0.014675052,"maxProb":0.03144654},
				"150505":{"minProb":0.03144654,"maxProb":0.064989516},
				"150504":{"minProb":0.064989516,"maxProb":0.132075468},
				"150503":{"minProb":0.132075468,"maxProb":0.19916142},
				"150502":{"minProb":0.19916142,"maxProb":0.266247372},
				"150501":{"minProb":0.266247372,"maxProb":0.333333324},
				"150709":{"minProb":0.333333324,"maxProb":0.33542976},
				"150708":{"minProb":0.33542976,"maxProb":0.339622632},
				"150707":{"minProb":0.339622632,"maxProb":0.348008376},
				"150706":{"minProb":0.348008376,"maxProb":0.364779864},
				"150705":{"minProb":0.364779864,"maxProb":0.39832284},
				"150704":{"minProb":0.39832284,"maxProb":0.465408792},
				"150703":{"minProb":0.465408792,"maxProb":0.532494744},
				"150702":{"minProb":0.532494744,"maxProb":0.599580696},
				"150701":{"minProb":0.599580696,"maxProb":0.666666648},
				"150609":{"minProb":0.666666648,"maxProb":0.668763084},
				"150608":{"minProb":0.668763084,"maxProb":0.672955956},
				"150607":{"minProb":0.672955956,"maxProb":0.6813417},
				"150606":{"minProb":0.6813417,"maxProb":0.698113188},
				"150605":{"minProb":0.698113188,"maxProb":0.731656164},
				"150604":{"minProb":0.731656164,"maxProb":0.798742116},
				"150603":{"minProb":0.798742116,"maxProb":0.865828068},
				"150602":{"minProb":0.865828068,"maxProb":0.93291402},
				"150601":{"minProb":0.93291402,"maxProb":1}
			},
			"6":
			{
				"124002":{"minProb":0,"maxProb":0.111111},
				"124003":{"minProb":0.111111,"maxProb":0.222222},
				"134009":{"minProb":0.222222,"maxProb":0.333333},
				"144003":{"minProb":0.333333,"maxProb":0.444444},
				"144007":{"minProb":0.444444,"maxProb":0.555555},
				"144008":{"minProb":0.555555,"maxProb":0.666666},
				"144010":{"minProb":0.666666,"maxProb":0.777777},
				"144011":{"minProb":0.777777,"maxProb":0.888888},
				"144012":{"minProb":0.888888,"maxProb":1}
			},
			"7":
			{
				"114009":{"minProb":0,"maxProb":0.5},
				"114017":{"minProb":0.5,"maxProb":1}
			},
			"8":
			{
				"103001":{"minProb":0,"maxProb":0.00694444},
				"103002":{"minProb":0.00694444,"maxProb":0.01388888},
				"103003":{"minProb":0.01388888,"maxProb":0.02083332},
				"103004":{"minProb":0.02083332,"maxProb":0.02777776},
				"103005":{"minProb":0.02777776,"maxProb":0.0347222},
				"103006":{"minProb":0.0347222,"maxProb":0.04166664},
				"103007":{"minProb":0.04166664,"maxProb":0.04861108},
				"103008":{"minProb":0.04861108,"maxProb":0.05555552},
				"103009":{"minProb":0.05555552,"maxProb":0.06249996},
				"103010":{"minProb":0.06249996,"maxProb":0.0694444},
				"103011":{"minProb":0.0694444,"maxProb":0.07638884},
				"103012":{"minProb":0.07638884,"maxProb":0.08333328},
				"103013":{"minProb":0.08333328,"maxProb":0.09027772},
				"103014":{"minProb":0.09027772,"maxProb":0.09722216},
				"103015":{"minProb":0.09722216,"maxProb":0.1041666},
				"103016":{"minProb":0.1041666,"maxProb":0.11111104},
				"103017":{"minProb":0.11111104,"maxProb":0.11805548},
				"103018":{"minProb":0.11805548,"maxProb":0.12499992},
				"103019":{"minProb":0.12499992,"maxProb":0.13194436},
				"103020":{"minProb":0.13194436,"maxProb":0.1388888},
				"103021":{"minProb":0.1388888,"maxProb":0.14583324},
				"103022":{"minProb":0.14583324,"maxProb":0.15277768},
				"103023":{"minProb":0.15277768,"maxProb":0.15972212},
				"103024":{"minProb":0.15972212,"maxProb":0.16666656},
				"103025":{"minProb":0.16666656,"maxProb":0.173611},
				"103026":{"minProb":0.173611,"maxProb":0.18055544},
				"103027":{"minProb":0.18055544,"maxProb":0.18749988},
				"103028":{"minProb":0.18749988,"maxProb":0.19444432},
				"103029":{"minProb":0.19444432,"maxProb":0.20138876},
				"103030":{"minProb":0.20138876,"maxProb":0.2083332},
				"103031":{"minProb":0.2083332,"maxProb":0.21527764},
				"103032":{"minProb":0.21527764,"maxProb":0.22222208},
				"103033":{"minProb":0.22222208,"maxProb":0.22916652},